<?xml version="1.0" encoding="UTF-8" standalone="no"?>
<!--Generated by IBM Migration Application Bundler 0.0.26.3
Wed Nov 27 19:51:55 UTC 2024--><server description="Configuration generated by binaryAppScanner">
    <featureManager>
        <!--Generated by IBM Migration Artifact Bundler 0.0.26.3 to support metric integration.-->
        <feature>mpMetrics-1.1</feature>
        <!--End features generated by IBM Migration Artifact Bundler-->
        <!--The following features are available in all editions of Liberty.-->
        <feature>appSecurity-2.0</feature>
        <feature>cdi-1.2</feature>
        <feature>ejbLite-3.2</feature>
        <feature>jdbc-4.1</feature>
        <feature>jndi-1.0</feature>
        <feature>jsp-2.3</feature>
        <feature>localConnector-1.0</feature>
        <feature>servlet-3.1</feature>
        <!--The following features are available in all editions of Liberty, except for Liberty Core.-->
        <feature>jms-2.0</feature>
    </featureManager>
    <!-- This configuration was migrated on 11/27/24 at 11:50:28 AM from the following location: /opt/IBM/WebSphere/AppServer/profiles/AppSrv01 -->
    <!-- The binary scanner does not support the migration of all WebSphere traditional configuration elements. Check the binary scanner documentation for the list of supported configuration elements. -->
    <!-- The following WebSphere traditional variables are used by the configuration but were not migrated: [WAS_INSTALL_ROOT]. Remove these variables from the configuration or provide each one with an appropriate definition. -->
    <applicationManager autoExpand="true"/>
    <httpEndpoint host="${httpEndpoint_host}" httpPort="${httpEndpoint_port}" httpsPort="${httpEndpoint_secure_port}" id="defaultHttpEndpoint"/>
    <webApplication contextRoot="/amaresorts" id="modresorts-2_0_0_war.ear" location="modresorts-2.0.0.war"/>
    <authData id="ghettoes1Node01/db2" password="${ghettoes1Node01_db2_password}" user="${ghettoes1Node01_db2_user}"/>
    <jdbcDriver id="DB2_Universal_JDBC_Driver_Provider_(XA)_ghettoes1Node01Cell_JDBCProvider_1724255847083">
        <library>
            <file name="${shared.config.dir}/lib/global/db2jcc.jar"/>
            <file name="${shared.config.dir}/lib/global/db2jcc_license_cu.jar"/>
            <file name="${shared.config.dir}/lib/global/db2jcc_license_cisuz.jar"/>
        </library>
    </jdbcDriver>
    <dataSource beginTranForResultSetScrollingAPIs="false" beginTranForVendorAPIs="false" containerAuthDataRef="ghettoes1Node01/db2" id="DB2 Universal JDBC Driver XA DataSource_ghettoes1Node01Cell_DataSource_1724255898616" jdbcDriverRef="DB2_Universal_JDBC_Driver_Provider_(XA)_ghettoes1Node01Cell_JDBCProvider_1724255847083" jndiName="jdbc/ModResortsJndi" recoveryAuthDataRef="ghettoes1Node01/db2" type="javax.sql.XADataSource">
        <properties.db2.jcc databaseName="${DB2_Universal_JDBC_Driver_XA_DataSource_ghettoes1Node01Cell_DataSource_1724255898616_databaseName}" driverType="4" portNumber="${DB2_Universal_JDBC_Driver_XA_DataSource_ghettoes1Node01Cell_DataSource_1724255898616_portNumber}" serverName="${DB2_Universal_JDBC_Driver_XA_DataSource_ghettoes1Node01Cell_DataSource_1724255898616_serverName}"/>
        <connectionManager connectionTimeout="180" enableContainerAuthForDirectLookups="true" maxPoolSize="10"/>
        <heritageSettings helperClass="com.ibm.websphere.rsadapter.DB2UniversalDataStoreHelper" replaceExceptions="true"/>
    </dataSource>
    <transaction propogatedOrBMTTranLifetimeTimeout="300"/>
    <jmsQueueConnectionFactory id="MQ_ghettoes1Node01Cell_MQQueueConnectionFactory_1724680626143" jndiName="jms/mmxCf">
        <properties.mqJmsRa channel="${MQ_ghettoes1Node01Cell_MQQueueConnectionFactory_1724680626143_channel}" hostName="${MQ_ghettoes1Node01Cell_MQQueueConnectionFactory_1724680626143_host}" port="${MQ_ghettoes1Node01Cell_MQQueueConnectionFactory_1724680626143_port}" queueManager="${MQ_ghettoes1Node01Cell_MQQueueConnectionFactory_1724680626143_queueManager}" temporaryModel="SYSTEM.DEFAULT.MODEL.QUEUE"/>
    </jmsQueueConnectionFactory>
    <jmsQueue id="jmsQueue_ghettoes1Node01_server1_MQQueue_1724680050895" jndiName="jms/mmxQueue">
        <properties.mqJmsRa baseQueueName="${jmsQueue_ghettoes1Node01_server1_MQQueue_1724680050895_baseQueueName}"/>
    </jmsQueue>
    <!--<keyStore id="NodeDefaultKeyStore_ghettoes1Node01Cell_KeyStore_ghettoes1Node01_1" location="${NodeDefaultKeyStore_ghettoes1Node01Cell_KeyStore_ghettoes1Node01_1_location}" password="${NodeDefaultKeyStore_ghettoes1Node01Cell_KeyStore_ghettoes1Node01_1_password}"/>
-->
    <!--<keyStore id="NodeDefaultTrustStore_ghettoes1Node01Cell_KeyStore_ghettoes1Node01_2" location="${NodeDefaultTrustStore_ghettoes1Node01Cell_KeyStore_ghettoes1Node01_2_location}" password="${NodeDefaultTrustStore_ghettoes1Node01Cell_KeyStore_ghettoes1Node01_2_password}"/>
-->
    <!--<ssl id="NodeDefaultSSLSettings_ghettoes1Node01Cell_SSLConfig_ghettoes1Node01_1" keyStoreRef="NodeDefaultKeyStore_ghettoes1Node01Cell_KeyStore_ghettoes1Node01_1" sslProtocol="${NodeDefaultSSLSettings_ghettoes1Node01Cell_SSLConfig_ghettoes1Node01_1_sslProtocol}" trustStoreRef="NodeDefaultTrustStore_ghettoes1Node01Cell_KeyStore_ghettoes1Node01_2"/>
-->
    <!--<sslDefault sslRef="NodeDefaultSSLSettings_ghettoes1Node01Cell_SSLConfig_ghettoes1Node01_1"/>
-->
    <resourceAdapter id="mqJmsRa" location="${shared.config.dir}/lib/global/wmq.jmsra.rar">
        <classloader apiTypeVisibility="spec, ibm-api, api, third-party"/>
    </resourceAdapter>
    <!-- The following variables, which often differ between environments, have been extracted from the migrated configuration to allow for easy substitution. -->
    <variable defaultValue="testdb" name="DB2_Universal_JDBC_Driver_XA_DataSource_ghettoes1Node01Cell_DataSource_1724255898616_databaseName"/>
    <variable defaultValue="50000" name="DB2_Universal_JDBC_Driver_XA_DataSource_ghettoes1Node01Cell_DataSource_1724255898616_portNumber"/>
    <variable defaultValue="9.46.111.27" name="DB2_Universal_JDBC_Driver_XA_DataSource_ghettoes1Node01Cell_DataSource_1724255898616_serverName"/>
    <variable defaultValue="*" name="httpEndpoint_host"/>
    <variable defaultValue="9080" name="httpEndpoint_port"/>
    <variable defaultValue="9443" name="httpEndpoint_secure_port"/>
    <variable defaultValue="DEV.QUEUE.1" name="jmsQueue_ghettoes1Node01_server1_MQQueue_1724680050895_baseQueueName"/>
    <variable defaultValue="CLOUD.APP.SVRCONN" name="MQ_ghettoes1Node01Cell_MQQueueConnectionFactory_1724680626143_channel"/>
    <variable defaultValue="9.46.78.247" name="MQ_ghettoes1Node01Cell_MQQueueConnectionFactory_1724680626143_host"/>
    <variable defaultValue="3414" name="MQ_ghettoes1Node01Cell_MQQueueConnectionFactory_1724680626143_port"/>
    <variable defaultValue="MMX_QM" name="MQ_ghettoes1Node01Cell_MQQueueConnectionFactory_1724680626143_queueManager"/>
    <!--<variable defaultValue="modresorts-2_0_0_war_ear_ghettoes1Node01_NodeDefaultKeyStore_key.p12" name="NodeDefaultKeyStore_ghettoes1Node01Cell_KeyStore_ghettoes1Node01_1_location"/>
-->
    <variable defaultValue="TLS" name="NodeDefaultSSLSettings_ghettoes1Node01Cell_SSLConfig_ghettoes1Node01_1_sslProtocol"/>
    <!--<variable defaultValue="modresorts-2_0_0_war_ear_ghettoes1Node01_NodeDefaultTrustStore_trust.p12" name="NodeDefaultTrustStore_ghettoes1Node01Cell_KeyStore_ghettoes1Node01_2_location"/>
-->
    <variable defaultValue="${WAS_INSTALL_ROOT}/universalDriver/lib" name="UNIVERSAL_JDBC_DRIVER_PATH"/>
    <!-- The following variables are used to replace sensitive data in the server.xml file for the application.
         The values for these variables were not collected because the includeSensitiveData option was not specified.
    -->
    <variable defaultValue="" name="ghettoes1Node01_db2_password"/>
    <variable defaultValue="" name="ghettoes1Node01_db2_user"/>
    <!--<variable defaultValue="" name="NodeDefaultKeyStore_ghettoes1Node01Cell_KeyStore_ghettoes1Node01_1_password"/>
-->
    <!--<variable defaultValue="" name="NodeDefaultTrustStore_ghettoes1Node01Cell_KeyStore_ghettoes1Node01_2_password"/>
-->
</server>
