{"_id":"44c581a9-72cc-418f-9adb-4333c34e77bd_AppSrv01_2027730655012676_6a0b03b1-0843-481f-85fc-9d5fcab0d6de_modresorts-2_0_0_war.ear_json","_rev":"1-9a95f06b4ce650d3a820ff96e7ceebbb","report":"inventory","version":"4.0","productVersion":"24.0.0.3","productRelease":"24.0.0.3","buildID":"v20241121_2333","options":["--includeHelpLocation","--maxUserDefinedRuleResults\u003d100","--userRuleLocation\u003d/root/dc/transformationadvisor-4.0.0/bin/../conf/userDefinedRules","--excludePackages\u003dch.qos,com.cloudant,com.cognos,com.fasterxml,com.filenet,com.ibatis,com.ibm,com.informix,com.lowagie,com.mchange,com.meterware,com.microsoft,com.mongodb,com.mysql,com.sun,com.sybase,filenet,freemarker,groovy,jakarta,java,javax,net,oracle,org,sqlj,sun,twitter4j,_ibmjsp"],"applications":["/opt/IBM/WebSphere/AppServer/profiles/AppSrv01/config/cells/ghettoes1Node01Cell/applications/modresorts-2_0_0_war.ear/modresorts-2_0_0_war.ear"],"sharedLibraries":[],"archives":{"ears":1,"wars":1,"rars":0,"ejbs":0,"webFragments":0,"utilityJars":1,"appClients":0},"summary":{"servlets":14,"jsps":3,"jpaEntities":0,"bmpEntityBeans":0,"cmpEntityBeans":0,"messageDrivenBeans":0,"singletonSessionBeans":2,"statefulSessionBeans":0,"statelessSessionBeans":3,"jaxrpcConsumers":0,"jaxrpcProviders":0,"jaxrsConsumers":0,"jaxrsProviders":0,"jaxwsConsumers":0,"jaxwsProviders":0,"springBeans":0},"archiveInventory":[{"archiveName":"/opt/IBM/WebSphere/AppServer/profiles/AppSrv01/config/cells/ghettoes1Node01Cell/applications/modresorts-2_0_0_war.ear/modresorts-2_0_0_war.ear","moduleType":"Enterprise archive","moduleVersion":"7","moduleSize":7992798,"checksum":"6a6f8dd06549030e08eac835887965b65f9f17fb2fdc02a9a2d1f00f5e6fa70b","archives":{"wars":1,"rars":0,"ejbs":0,"utilityJars":1,"appClients":0},"summary":{"servlets":14,"jsps":3,"jpaEntities":0,"bmpEntityBeans":0,"cmpEntityBeans":0,"messageDrivenBeans":0,"singletonSessionBeans":2,"statefulSessionBeans":0,"statelessSessionBeans":3,"jaxrpcConsumers":0,"jaxrpcProviders":0,"jaxrsConsumers":0,"jaxrsProviders":0,"jaxwsConsumers":0,"jaxwsProviders":0,"springBeans":0},"potentialDeploymentProblemsSummary":{"archivesContainingDuplicateClasses":0,"archivesContainingJavaEEorSEClasses":0,"archivesContainingConflictingOpenSourceSoftwareClasses":0,"archivesContainingWebSphereClasses":0,"archivesNotReferencedInTheApplication":0,"archivesWithMissingDependenciesInTheApplication":0,"classesWithSystemLevelJVMConfiguration":0,"sharedLibrariesReferencingApplicationClasses":0},"potentialDeploymentProblemsDetails":[{"duplicateClassesWithinClassLoader":[]},{"duplicateClassesAcrossApplication":[]},{"javaEEandSEClasses":[]},{"duplicateWebSphereClasses":[]},{"openSourceSoftwareClasses":[]},{"archivesNotReferenced":[]},{"missingDependencies":[]},{"classesWithSystemLevelJVMConfiguration":[]},{"sharedLibraryDependencies":[]}],"performanceConsiderations":{"archivesThatAreCandidatesForMetadataCompleteTrueAttribute":[],"webModulesWithExcessiveClassFiles":[],"webModulesWithExcessiveStaticResources":[]},"operationalConsiderations":{"deploymentTargets":{"clusters":[],"nonClusteredServers":[{"name":"server1","node":"ghettoes1Node01","type":"APPLICATION_SERVER"}]}},"containedArchiveInventory":[{"archiveName":"/opt/IBM/WebSphere/AppServer/profiles/AppSrv01/config/cells/ghettoes1Node01Cell/applications/modresorts-2_0_0_war.ear/modresorts-2_0_0_war.ear/modresorts-2.0.0.war","moduleType":"Web module","moduleVersion":"3.1","metadataComplete":"Unspecified","checksum":"6a6f8dd06549030e08eac835887965b65f9f17fb2fdc02a9a2d1f00f5e6fa70b","archives":{"ejbs":0,"webFragments":0,"utilityJars":1},"summary":{"servlets":14,"jsps":3,"jpaEntities":0,"bmpEntityBeans":0,"cmpEntityBeans":0,"messageDrivenBeans":0,"singletonSessionBeans":2,"statefulSessionBeans":0,"statelessSessionBeans":3,"jaxrpcConsumers":0,"jaxrpcProviders":0,"jaxrsConsumers":0,"jaxrsProviders":0,"jaxwsConsumers":0,"jaxwsProviders":0,"springBeans":0},"containedArchiveInventory":[{"archiveName":"/opt/IBM/WebSphere/AppServer/profiles/AppSrv01/config/cells/ghettoes1Node01Cell/applications/modresorts-2_0_0_war.ear/modresorts-2_0_0_war.ear/modresorts-2.0.0.war/WEB-INF/lib/gson-2.10.1.jar","moduleType":"Utility JAR","checksum":"c83fc2cde3dedb7467effae849b0ae45497de58f53b8b2e932cc88512646e8c5","containedPackages":["com.google.gson"]}]}]}],"sharedLibraryDetails":[],"name":"modresorts-2_0_0_war.ear.inventory","type":"json","tenantId":"6a0b03b1-0843-481f-85fc-9d5fcab0d6de","taskname":"44c581a9-72cc-418f-9adb-4333c34e77bd","created":1732737033506,"profileName":"AppSrv01_2027730655012676","applicationName":"modresorts-2_0_0_war.ear","id":"44c581a9-72cc-418f-9adb-4333c34e77bd_AppSrv01_2027730655012676_6a0b03b1-0843-481f-85fc-9d5fcab0d6de_modresorts-2_0_0_war.ear_json"}